"Trockenmasse";"Position.Trockenmasse";"Dicke";"Position.Dicke"
9,2;0,0121120501;117,2124867221;0,0167484006
9,2;0,0148199684;116,3456585825;0,0202135189
9,2;0,0226102521;117,279869097;0,0243731382
9,2;0,0328716725;118,0671186536;0,024394785
9,2;0,0333652518;116,9683584321;0,0273299892
9,2;0,0341332007;116,4521982923;0,0324440142
9,2;0,0343602967;117;0,0379225918
9,2;0,0436178188;117;0,0497781435
9,2;0,0457058306;117;0,0546709707
9,2;0,0495604801;117;0,0550594728
9,2;0,0537423642;117;0,061669952
9,2;0,0609952621;117;0,0636156797
9,2;0,0675231451;117;0,0642548819
9,2;0,0715693763;117;0,0729883562
9,2;0,0785563864;117;0,0739434646
9,2;0,0836311343;117;0,0745207441
9,2;0,0845309495;117;0,0818153232
9,2;0,0908084796;117;0,0905415114
9,2;0,0921039108;117;0,0924723264
9,2;0,095118604;117;0,09248161
9,2;0,0963095399;117;0,0971553026
9,2;0,1004939537;117;0,1002795075
9,2;0,1083263912;117;0,1093390284
9,2;0,1170510322;117;0,1118174249
9,2;0,1280220915;117;0,1173954172
9,2;0,1296693632;117;0,1224294397
9,2;0,1301742798;117;0,1301258121
9,2;0,1319828374;117;0,1307968463
9,2;0,1321594236;117;0,1321077979
9,2;0,1407283198;117;0,1351904993
9,2;0,1472049739;117;0,137275739
9,2;0,1485795267;117;0,1550148928
9,2;0,1526741785;117;0,1573622296
9,2;0,1570420923;117;0,1589838504
9,2;0,1602365693;117;0,1604642845
9,2;0,1617171084;117;0,1671143022
9,2;0,1702222326;117;0,1695588326
9,2;0,1752524519;117;0,1701782371
9,2;0,1772212985;117;0,1727171192
9,2;0,1799235092;117;0,1842097242
9,2;0,1881339882;117;0,1879771179
9,2;0,1962525497;117;0,1906147476
9,2;0,197032908;117;0,1952383821
9,2;0,2044108744;117;0,2011137619
9,2;0,2112290127;117;0,2052465544
9,2;0,2134174868;117;0,2066270765
9,2;0,2155098759;117;0,2090997562
9,2;0,219744131;117;0,2157552708
9,2;0,2201525333;117;0,2254853969
9,2;0,229461231;117;0,2263158118
9,2;0,2375237902;117;0,2299670669
9,2;0,2398981079;117;0,238514712
9,2;0,2459912314;117;0,2403246856
9,2;0,2462994599;117;0,2428967826
9,2;0,2471861384;117;0,246753174
9,2;0,2531569234;117;0,2479816853
9,2;0,2612974178;117;0,2601875175
9,2;0,2647166209;117;0,260222023
9,2;0,2688484857;117;0,2658120849
9,2;0,2726254545;117;0,2729926194
9,2;0,274103666;117;0,2793947265
9,2;0,2871544212;117;0,2822578419
9,2;0,2884841645;117;0,2824668359
9,2;0,2904045004;117;0,2908004649
9,2;0,294111086;117;0,3022986209
9,2;0,3035698645;117;0,3041672223
9,2;0,3082362074;117;0,3046951653
9,2;0,3091448015;117;0,3059620665
9,2;0,3128707183;117;0,3072247216
9,2;0,3151721205;117;0,3179567048
9,2;0,3177196849;117;0,3203733409
9,2;0,3216356457;117;0,3222152746
9,2;0,329433594;117;0,3241411567
9,2;0,3360086783;117;0,3314984596
9,2;0,3412183395;117;0,3338907559
9,2;0,3423792729;117;0,3426022166
9,2;0,3441965664;117;0,3435915183
9,2;0,3525327804;117;0,3456210941
9,2;0,35981485;117;0,3568591971
9,2;0,3637379478;117;0,3579519911
9,2;0,3655514604;117;0,361126031
9,2;0,3658443889;117;0,3675790042
9,2;0,3775208167;117;0,3725884209
9,2;0,3788073868;117;0,3788077189
9,2;0,383478693;117;0,3832600768
9,2;0,3860850736;117;0,383679817
9,2;0,3879920248;117;0,3885793533
9,2;0,3908876001;117;0,3986077916
9,2;0,3970276202;117;0,3993639502
9,2;0,4039560035;117;0,4005032042
9,2;0,4115264356;117;0,4046845674
9,2;0,4143737933;117;0,4072721664
9,2;0,4215200287;117;0,4111358686
9,2;0,4237605706;117;0,4193358261
9,2;0,4247045567;117;0,4233826736
9,2;0,428260085;117;0,433008565
9,2;0,4392283496;117;0,4330731466
9,2;0,4393781556;117;0,4451144731
9,2;0,4398587054;117;0,4503560683
9,2;0,4471329008;117;0,4532705638
9,2;0,4501928901;117;0,455573956
9,2;0,4504787467;117;0,4584639201
9,2;0,4568463267;117;0,4604910394
9,2;0,4625085574;117;0,4669423946
9,2;0,4681772643;117;0,4670552579
9,2;0,4737636544;117;0,4700756667
9,2;0,4793650955;117;0,4797026978
9,2;0,4808951816;117;0,4798334765
9,2;0,494884794;117;0,4813181579
9,2;0,4949777296;117;0,4885808576
9,2;0,4967800915;117;0,4943830534
9,2;0,4974385517;117;0,4988513446
9,2;0,5051214543;117;0,5045343686
9,2;0,5140869041;117;0,5080073839
9,2;0,5163517908;117;0,5136702381
9,2;0,5163834842;117;0,5153086132
9,2;0,5198205137;117;0,5161066309
9,2;0,520340429;117;0,5279162157
9,2;0,5343842348;117;0,5370986828
9,2;0,5344633845;117;0,5404563373
9,2;0,5431725639;117;0,5425876895
9,2;0,5438564811;117;0,5442074832
9,2;0,5469146775;117;0,5530386288
9,2;0,5543984214;118,6693225717;0,553406365
9,2;0,5625544504;117,0080444894;0,5600196393
9,2;0,5677102478;117,292179279;0,5653655438
9,2;0,5730221069;119,3575230176;0,5697967608
9,2;0,5740326059;116,0889301967;0,5703278896
9,2;0,5744413084;117,730208357;0,5732826344
9,2;0,5769084704;117,4546540517;0,5815089574
9,2;0,5814056833;119,0455665494;0,5823836631
9,2;0,5832808004;117,0657622531;0,5909808559
9,2;0,5970682263;118,5288656432;0,5944066142
9,2;0,5992658231;116,4876132068;0,5964546537
9,2;0,6077428609;117,6718563627;0,6037427924
9,2;0,6088669815;117,1309983113;0,608777607
9,2;0,6089264378;119,2297672032;0,6138928248
9,2;0,6106986948;116,8292526988;0,6164811068
9,2;0,6210215488;118,2533881564;0,6178084473
9,2;0,6214611227;116,7389986956;0,6240989844
9,2;0,6287507176;116,9027618292;0,6247999394
9,2;0,6287629241;116,449703878;0,6266083373
9,2;0,6458577472;118,914752813;0,6444537902
9,2;0,6463637574;116,020167453;0,6488929736
9,2;0,6473170135;117,6220253293;0,6498210842
9,2;0,6503717589;117,9725833664;0,6515970282
9,2;0,6591210985;115,0539243727;0,6575854882
9,2;0,6608600453;117;0,6596928353
9,2;0,6654946266;117;0,6618106946
9,2;0,6665424593;117;0,6618837443
9,2;0,6699379993;117;0,6675719581
9,2;0,6726492791;117;0,6745501089
9,2;0,6842893016;117;0,6758546741
9,2;0,6846040259;117;0,6875262154
9,2;0,686718185;117;0,6938243204
9,2;0,6893292524;117;0,6984033553
9,2;0,6986635858;117;0,7082600869
9,2;0,7008247071;117;0,7084800685
9,2;0,708128331;117;0,7085532932
9,2;0,7145383246;117;0,7100755562
9,2;0,714583012;117;0,7127461537
9,2;0,7184780822;117;0,7149269298
9,2;0,7309620259;117;0,7244868264
9,2;0,7331044897;117;0,7276697633
9,2;0,7365834067;117;0,7381973932
9,2;0,7405838953;117;0,7395403112
9,2;0,7439633473;117;0,7436201355
9,2;0,7443140211;117;0,7439002991
9,2;0,7516969346;117;0,7479384395
9,2;0,753328294;117;0,7545845231
9,2;0,7589172816;117;0,7578108178
9,2;0,7591938937;117;0,7604980666
9,2;0,7664079456;117;0,7663734532
9,2;0,7671245041;117;0,774659097
9,2;0,7787613409;117;0,7792214465
9,2;0,77955386;117;0,7834401861
9,2;0,7900090248;117;0,7834435133
9,2;0,7976846017;117;0,7896618316
9,2;0,7988211838;117;0,7938397149
9,2;0,8007088045;117;0,7966125109
9,2;0,8013513114;117;0,8078642743
9,2;0,8056327111;117;0,809789209
9,2;0,8139078085;117;0,818800267
9,2;0,8160696232;117;0,8196898363
9,2;0,8184139031;117;0,8222064109
9,2;0,8240602066;117;0,8237885387
9,2;0,8251818006;117;0,8366350818
9,2;0,8288486515;117;0,8402844347
9,2;0,8353893935;117;0,8409724354
9,2;0,8441301847;117;0,8419170722
9,2;0,8499561199;117;0,8447089409
9,2;0,8538541797;117;0,8502642566
9,2;0,8564012043;117;0,8540098582
9,2;0,857266979;117;0,8693072954
9,2;0,8610758419;117;0,8723739862
9,2;0,8701447339;117;0,8733170311
9,2;0,8841085424;117;0,8769226985
9,2;0,8854684849;117;0,8793913779
9,2;0,8862153196;117;0,8822319261
9,2;0,88885807;117;0,8854239689
9,2;0,8937847779;117;0,8895979383
9,2;0,8945267948;117;0,8989974539
9,2;0,8982907731;117;0,9039338808
9,2;0,911155059;117;0,9043178381
9,2;0,9126522714;117;0,9114242102
9,2;0,9130585082;117;0,9119764314
9,2;0,9179974866;117;0,9279125636
9,2;0,9254228818;117;0,9298745849
9,2;0,9284544202;117;0,9315389146
9,2;0,9288922984;117;0,9328953503
9,2;0,9387783791;117;0,9347898217
9,2;0,9404131126;117;0,93773031
9,2;0,9444698086;117;0,9387944446
9,2;0,9491840826;117;0,9497977449
9,2;0,9533457048;117;0,9501506984
9,2;0,9555514986;117;0,9512346745
9,2;0,957347163;117;0,9605146938
9,2;0,9651633409;117;0,9655365696
9,2;0,9663986347;117;0,9659201767
9,2;0,9724250811;117;0,9821407772
9,2;0,9749459657;117;0,9857872308
9,2;0,9855810365;117;0,9865841129
9,2;0,990643531;117;0,9958316528
9,2;0,9932755664;117;0,9964047957
9,2;1,0000422046;117;1,0011570296
9,2;1,0007516443;117;1,001753276
9,2;1,0055591378;117;1,0074114433
9,2;1,0093032072;117;1,008248117
9,2;1,0176912499;117;1,0106157137
9,2;1,0181551178;117;1,017923733
9,2;1,0279439745;117;1,0214456396
9,2;1,0286530887;117;1,0240679748
9,2;1,0368745746;117;1,0345655807
9,2;1,0377166256;117;1,0418265951
9,2;1,039731339;117;1,042504208
9,2;1,0441814923;117;1,0501648633
9,2;1,0442090819;117;1,0524277122
9,2;1,0570279023;117;1,0527234144
9,2;1,0594124624;117;1,0598872882
9,2;1,0648774739;117;1,0621283445
9,2;1,0665579063;117;1,0661483949
9,2;1,0699570767;117;1,067403657
9,2;1,0699874186;117;1,0716572235
9,2;1,0799357798;117;1,0779426386
9,2;1,086115713;117;1,0814461578
9,2;1,0866387456;117;1,0902046926
9,2;1,0932399658;117;1,0980845888
9,2;1,0976424288;117;1,0985272306
9,2;1,0994808982;117;1,1006269808
9,2;1,1056191451;117;1,1055127467
9,2;1,1066711551;117;1,1129526225
9,2;1,1177983521;117;1,1136808397
9,2;1,1242743822;117;1,1154117371
9,2;1,1315192684;117;1,1293257299
9,2;1,1317118223;117;1,1309682059
9,2;1,1339178695;117;1,1334609136
9,2;1,1447567006;117;1,1367400462
9,2;1,1453900098;117;1,1412394278
9,2;1,1469514759;117;1,1438892486
9,2;1,1530408819;117;1,1519608125
9,2;1,1604820321;117;1,1572509572
9,2;1,1639974397;117;1,1601873818
9,2;1,1693902437;117;1,1673259589
9,2;1,1749518876;117;1,1711057448
9,2;1,1758780291;117;1,17260483
9,2;1,1764935259;117;1,1760418417
9,2;1,1853417555;117;1,1884806119
9,2;1,1875908512;117;1,1894505757
9,2;1,1885706212;117;1,1915823756
9,2;1,1937595227;117;1,1924717951
9,2;1,1952039382;117;1,199365952
9,2;1,20341375;117;1,2002881584
9,2;1,2205113333;117;1,2078968051
9,2;1,2225880275;117;1,2149595182
9,2;1,2232089228;117;1,2153141349
9,2;1,2267625519;117;1,2156177982
9,2;1,228768477;117;1,219498483
9,2;1,2319316849;117;1,225661762
9,2;1,2353065713;117;1,2295335851
9,2;1,2360261549;117;1,2374856246
9,2;1,2398043134;117;1,2389798493
9,2;1,2495480247;117;1,2424064828
9,2;1,2516232056;117;1,2473944108
9,2;1,2521656605;117;1,2533123937
9,2;1,2594336255;117;1,2646478784
9,2;1,2640484405;117;1,2685149436
9,2;1,2640776727;117;1,2692932303
9,2;1,2771440079;117;1,2719649099
9,2;1,2816006239;117;1,2722093004
9,2;1,2829824774;117;1,2775312319
9,2;1,2904574805;117;1,2874730245
9,2;1,29346082;117;1,2943902124
9,2;1,3024229296;117;1,2988663562
9,2;1,3050750378;117;1,2994900748
9,2;1,3053230755;117;1,3033760422
9,2;1,3056162703;117;1,3121632917
9,2;1,3138214539;117;1,3154676678
9,2;1,3178823785;117;1,3206503077
9,2;1,3254620137;117;1,3216348763
9,2;1,3361702375;117;1,3348304253
9,2;1,3369719983;117;1,3356596639
9,2;1,3372126287;117;1,3391087713
9,2;1,342904732;117;1,3406419083
9,2;1,3497889803;117;1,341360725
9,2;1,3582862222;117;1,3430763579
9,2;1,358329071;117;1,3498526242
9,2;1,3602797478;117;1,3514040169
9,2;1,3606167155;117;1,3630429381
9,2;1,364130141;117;1,3669731205
9,2;1,3723725058;117;1,3746755819
9,2;1,3728968927;117;1,3783524881
9,2;1,378527078;117;1,3800423565
9,2;1,3836280654;117;1,3849431744
9,2;1,3889389532;117;1,386362536
9,2;1,3904575695;117;1,3867746911
9,2;1,4033980418;117;1,3992819796
9,2;1,404755223;117;1,406870041
9,2;1,4071925826;117;1,4099405234
9,2;1,4080708084;117;1,413060472
9,2;1,4166037524;117;1,4236055771
9,2;1,4313690147;117;1,4262624312
9,2;1,435331396;117;1,4284646475
9,2;1,4354379813;117;1,431199187
9,2;1,4416229734;117;1,4349487134
9,2;1,4454602177;117;1,4375115786
9,2;1,4466747884;117;1,4414704504
9,2;1,4475138808;117;1,4511935218
9,2;1,4481364408;117;1,4548804973
9,2;1,4552539307;117;1,4549324154
9,2;1,4569035746;117;1,4714939546
9,2;1,4634512406;117;1,4716123018
9,2;1,4735489982;117;1,4721895519
9,2;1,4775094422;117;1,4749548147
9,2;1,4797573224;117;1,4766714163
9,2;1,4809272686;117;1,4785267198
9,2;1,4821784671;117;1,4825572484
9,2;1,4884030945;117;1,4891498727
9,2;1,4968660511;117;1,4936072347
9,2;1,497095988;117;1,4961952113
9,2;1,4999476517;117;1,5056033868
9,2;1,5053208555;117;1,5096116816
9,2;1,5060002717;117;1,5163099275
9,2;1,5092656379;117;1,523481128
9,2;1,5219773435;117;1,5259231148
9,2;1,5240221327;117;1,5284575349
9,2;1,5247937121;117;1,5335741323
9,2;1,5338508037;117;1,5384084805
9,2;1,5343304851;117;1,5390470731
9,2;1,5388502242;117;1,544337223
9,2;1,5502629228;117;1,5489644856
9,2;1,5526969196;117;1,5516545742
9,2;1,5541102935;117;1,5532905778
9,2;1,5589818013;117;1,5578737555
9,2;1,564437259;117;1,570580464
9,2;1,5684810466;117;1,5733756303
9,2;1,5787024171;117;1,5761089171
9,2;1,5792944843;117;1,5784185863
9,2;1,5896819701;117;1,5874043705
9,2;1,5913746834;117;1,5955114909
9,2;1,5961495333;117;1,6001871727
9,2;1,5978963393;117;1,6013295012
9,2;1,6022926297;117;1,6019478375
9,2;1,6041575245;117;1,6029392547
9,2;1,6144324808;117;1,6105915189
9,2;1,6150064496;117;1,6155476681
9,2;1,6157995829;117;1,6210032635
9,2;1,6213325352;117;1,6284323625
9,2;1,6257291268;117;1,6318224531
9,2;1,6313739645;117;1,6373981517
9,2;1,6344225466;117;1,6404319492
9,2;1,6407749545;117;1,6411756611
9,2;1,644207351;117;1,6430742484
9,2;1,6455027437;117;1,6504316898
9,2;1,6507922943;117;1,6519651183
9,2;1,6511214324;117;1,6538480004
9,2;1,6574865114;117;1,6674268472
9,2;1,6689346885;117;1,6686146099
9,2;1,677319579;117;1,6737111031
9,2;1,680362359;117;1,6747260189
9,2;1,6826366332;117;1,6755693223
9,2;1,6859747429;117;1,684781136
9,2;1,6906654951;117;1,6942218631
9,2;1,6976429146;117;1,6997527046
9,2;1,7028471664;115,3913705644;1,7014700524
9,2;1,7032258247;116,2160242518;1,7022256191
9,2;1,7052809299;118,2042609985;1,7085612749
9,2;1,7184966088;114,9373530643;1,7120697248
9,2;1,723356633;115,9530780528;1,7133452113
9,2;1,7269791805;117,7388624749;1,7146572669
9,2;1,7312885546;118,606082229;1,7189017963
10;1,7332996191;116,1998564247;1,7220545548
10;1,7365085667;117,5445775935;1,7295731028
10;1,7370926553;118,4973267388;1,732421964
10;1,7434786141;117,6791832199;1,7428868306
9,2;1,7510939604;116,9604052492;1,7495690696
9,2;1,7524978438;117,452595551;1,7534818926
9,2;1,7570508157;117,4917285184;1,7561303837
9,2;1,7602705286;115,9517179004;1,7608190696
9,2;1,760683675;116,643355337;1,7625614598
9,2;1,7607043625;115,6313931532;1,7659194048
9,2;1,7664531129;117,4785330041;1,7678288921
9,2;1,7853618919;117,7096166081;1,7707101492
9,2;1,7905153821;116,646914474;1,787636607
9,2;1,7946283395;116,9812781598;1,7913706124
9,2;1,7967195333;116,2667541455;1,7965303998
9,2;1,8021178463;115,9036940262;1,7969833105
9,2;1,8022283336;117;1,799652294
9,2;1,804243371;117;1,8003171607
9,2;1,8089894705;117;1,8046436736
9,2;1,8134242011;117;1,8076815362
9,2;1,8181414248;117;1,8209718284
9,2;1,8215955276;117;1,8283765003
9,2;1,8231913096;117;1,829996644
9,2;1,8262730459;117;1,8339203241
9,2;1,8316846393;117;1,835931479
9,2;1,8387355544;117;1,8394199549
9,2;1,8426818168;117;1,8418702327
9,2;1,8471647711;117;1,8488176011
9,2;1,8566525662;117;1,8569881703
9,2;1,8595290957;117;1,8626719278
9,2;1,8656969586;120;1,8645905343
9,2;1,8659751367;120;1,8651060847
9,2;1,8673341804;120;1,866619618
9,2;1,8692969111;120;1,8671488522
9,2;1,8770997911;120;1,8748917193
9,2;1,8836384287;117;1,8805417397
9,2;1,8930331619;117;1,8839106958
9,2;1,8945886264;117;1,8917692169
9,2;1,9035583137;117;1,8946223004
9,2;1,9061906568;117;1,8976039583
9,2;1,9118710825;117;1,8978624773
9,2;1,9137750129;117;1,9170438177
9,2;1,917318775;117;1,9193060903
9,2;1,9192479535;117;1,9211316436
9,2;1,9246993816;117;1,9217861691
9,2;1,9283748799;117;1,9258756392
9,2;1,9288185232;117;1,9316783073
9,2;1,9318671478;120;1,9362274278
9,2;1,9421999534;120;1,9399786565
9,2;1,9444484532;120;1,9423786353
9,2;1,9470387018;120;1,9538090137
9,2;1,9481415956;120;1,9539701666
9,2;1,9582958272;120;1,9562495286
9,2;1,9648041317;120;1,9564536224
9,2;1,966546071;120;1,9648391455
9,2;1,9673720617;120;1,9669674757
9,2;1,9748125622;120;1,9767438054
9,2;1,9749637093;120;1,9783541865
9,2;1,9812396835;120;1,9807809856
9,2;1,9865068722;120;1,9909581972
9,2;1,988093235;120;1,9943810085
9,2;1,9959653665;120;1,9959919309
9,2;1,9961508357;120;2,0007533881
9,2;2,005519312;117;2,0089175119
9,2;2,0058087997;117;2,0148328492
9,2;2,0129770103;117;2,0190668183
9,2;2,0197852642;117;2,0229123005
9,2;2,0200910442;117;2,0255499407
9,2;2,0236706608;117;2,0266750589
9,2;2,0310211128;117;2,0281623867
9,2;2,0317732706;117;2,0367226389
9,2;2,0389322175;117;2,0394072532
9,2;2,0439473115;117;2,0432715622
9,2;2,0519719364;117;2,0447276023
9,2;2,0537313732;117;2,0476967914
9,2;2,0543903483;117;2,0632122551
9,2;2,0614801369;117;2,0648795982
9,2;2,068205031;117;2,0658613583
9,2;2,0749087236;117;2,0663085393
9,2;2,0773704742;117;2,072783848
9,2;2,0784439755;117;2,0776504209
9,2;2,0876944537;117;2,0780358127
9,2;2,0882115368;117;2,0885469601
9,2;2,0903495633;117;2,0920941513
9,2;2,0965655112;117;2,1010162756
9,2;2,0978329294;117;2,1010289733
9,2;2,1085878192;117;2,1085581611
9,2;2,1101216555;117;2,1108871415
9,2;2,1153699426;117;2,1115316031
9,2;2,1181362638;117;2,1208281965
9,2;2,1218449028;117;2,1277658167
9,2;2,1258265446;117;2,1296608408
9,2;2,1295859942;117;2,1304973135
9,2;2,1452370627;117;2,1309058619
9,2;2,1478608371;117;2,1429179011
9,2;2,1510117868;117;2,1537846254
9,2;2,1510590954;117;2,1541041929
9,2;2,1559655544;117;2,1557886163
9,2;2,1561016128;117;2,1572536911
9,2;2,1621013204;117;2,160507573
9,2;2,1681730129;117;2,1666610808
9,2;2,1691923998;117;2,1674515053
9,2;2,1766803579;117;2,1739263928
9,2;2,1785481809;117;2,1766280042
9,2;2,1853228869;117;2,1804110681
9,2;2,1870112003;117;2,1887295344
9,2;2,1930281216;117;2,1941894496
9,2;2,2015278192;117;2,1967437572
9,2;2,2015316603;117;2,1970200176
9,2;2,2091110886;117;2,2092761609
9,2;2,2138344249;117;2,2161824404
9,2;2,2143560678;117;2,2170313812
9,2;2,2253587978;117;2,2173507683
9,2;2,2321171123;117;2,2190544718
9,2;2,2339405997;117;2,2364647309
9,2;2,235949117;117;2,2405156157
9,2;2,237649872;117;2,2417755246
9,2;2,2392895742;117;2,2438048572
9,2;2,2487176561;117;2,2472210447
9,2;2,2550287042;117;2,2526983686
9,2;2,2573370133;117;2,2585158644
9,2;2,2577166243;117;2,2603075477
9,2;2,2626560912;117;2,261788205
9,2;2,267091392;117;2,2637233333
9,2;2,270250001;117;2,2787076657
9,2;2,2742269263;117;2,2807698093
9,2;2,2769296305;117;2,2841178836
9,2;2,2877748725;117;2,2870895302
9,2;2,3002668531;117;2,2893170715
9,2;2,3002892931;117;2,2904723453
9,2;2,3011994374;117;2,2964427273
9,2;2,3074913929;117;2,3055367805
9,2;2,3114555251;117;2,316659488
9,2;2,3150744274;117;2,3188723438
9,2;2,3195230138;117;2,3231945896
9,2;2,3197798004;117;2,3242348333
9,2;2,3256392504;117;2,3296571083
9,2;2,3271415564;117;2,3348144796
9,2;2,3308360021;117;2,3351434068
9,2;2,3425457187;117;2,3392883041
9,2;2,3462065995;117;2,3407275801
9,2;2,355474627;117;2,3498513763
9,2;2,3597346951;117;2,3515244717
9,2;2,3615214473;117;2,3537397662
9,2;2,3636976378;117;2,3621446344
9,2;2,3661541233;117;2,3640574457
9,2;2,373112882;117;2,3658422283
9,2;2,3755754881;117;2,372546392
9,2;2,3824163758;117;2,3856996554
9,2;2,3860390723;117;2,3873740481
9,2;2,386313661;117;2,3892641766
9,2;2,3895615819;117;2,3926845396
9,2;2,396984484;117;2,3949723814
9,2;2,3986939404;117;2,396615091
9,2;2,4070265319;117;2,4030013087
9,2;2,407089013;117;2,406986972
9,2;2,4185096303;117;2,4178485926
9,2;2,4227527092;117;2,4221487821
9,2;2,4252834982;117;2,4235601398
9,2;2,4315954752;117;2,4311786449
9,2;2,4344915968;117;2,4374823988
9,2;2,4362530485;117;2,4378054748
9,2;2,4379839108;117;2,4415094175
9,2;2,4398537452;117;2,4424686251
9,2;2,449560961;117;2,4524994818
9,2;2,4532952131;117;2,4592581948
9,2;2,4557383081;117;2,4600871876
9,2;2,4673747526;117;2,4640001446
9,2;2,4681880449;117;2,4645832483
9,2;2,4717664519;117;2,467199952
9,2;2,4725678059;117;2,4781547118
9,2;2,4750176931;117;2,484394979
9,2;2,4844345053;117;2,4864363341
9,2;2,4910295546;117;2,4901335915
9,2;2,4911424995;117;2,496170212
9,2;2,4924614344;117;2,4974390998
9,2;2,4952445829;117;2,5008428859
9,2;2,5057690223;117;2,5064286573
9,2;2,5073007848;117;2,5084995689
9,2;2,511833933;117;2,5141843071
9,2;2,5183965759;117;2,5236171282
9,2;2,5194849298;117;2,5259342449
9,2;2,5352231747;117;2,5333568908
9,2;2,5361077195;117;2,5396565082
9,2;2,5377974274;117;2,5427922191
9,2;2,5449613422;117;2,5452441881
9,2;2,5469069389;117;2,5489867107
9,2;2,547620423;117;2,5497291913
9,2;2,5585931978;117;2,5500191206
9,2;2,56070299;117;2,5592247354
9,2;2,570558377;117;2,5630850135
9,2;2,5725999122;117;2,5671617861
9,2;2,5749215737;117;2,5702892004
9,2;2,575213004;117;2,5741733044
9,2;2,5813263381;117;2,5808480387
9,2;2,5819877649;117;2,5850063204
9,2;2,5852271728;117;2,5876587763
9,2;2,5885251045;117;2,5944883191
9,2;2,6009721533;117;2,5959411075
9,2;2,6096824515;117;2,6011976193
9,2;2,6106297354;117;2,6036018378
9,2;2,6110181624;117;2,6091403346
9,2;2,6142123715;117;2,6190127946
9,2;2,6211350901;117;2,6192777293
9,2;2,6235473498;117;2,6208673014
9,2;2,6383917181;117;2,6330840497
9,2;2,6415772407;117;2,6364231577
9,2;2,6446402536;117;2,6365925832
9,2;2,6474518557;117;2,6416668415
9,2;2,6554799033;117;2,6472006439
9,2;2,659657548;117;2,6502285128
9,2;2,6601879737;117;2,6563591339
9,2;2,6603392842;117;2,6587603861
9,2;2,6621073517;117;2,6687233532
9,2;2,6666467698;117;2,6740642115
9,2;2,6681155741;117;2,6750852582
9,2;2,6793614331;117;2,6768133462
9,2;2,68091639;117;2,6802493305
9,2;2,686935671;117;2,6839338371
9,2;2,687831183;117;2,6920400673
9,2;2,696662565;117;2,7041259381
9,2;2,7021849065;117;2,7045117163
9,2;2,7059333561;117;2,7083697615
9,2;2,7091271968;117;2,7086434296
9,2;2,7091835029;117;2,7153765484
9,2;2,7195581204;117;2,7172658926
9,2;2,7201048126;117;2,722374597
9,2;2,7323590825;117;2,7230058959
9,2;2,7336950695;117;2,735884654
9,2;2,7351966542;117;2,7409824194
9,2;2,7353666322;117;2,7413306603
9,2;2,7410483375;117;2,7476280248
9,2;2,7419508719;117;2,7539912195
9,2;2,7521204169;117;2,757582775
9,2;2,754601236;117;2,7607841659
9,2;2,7636046279;117;2,7622952822
9,2;2,7680240593;117;2,7638921141
9,2;2,7741643002;117;2,7677645465
9,2;2,7856713469;117;2,7759025182
9,2;2,787445097;117;2,778554479
9,2;2,7909210473;117;2,7834935236
9,2;2,7920187963;117;2,7861648097
9,2;2,7939819399;117;2,7991892668
9,2;2,7948259345;117;2,8013199962
9,2;2,8015836434;117;2,8089939158
9,2;2,8019955847;117;2,8093027088
9,2;2,8040707832;117;2,8133807756
9,2;2,8079299271;117;2,8204258473
9,2;2,8168960475;117;2,8244470453
9,2;2,8264325739;117;2,826317475
9,2;2,833830095;117;2,8281889259
9,2;2,8342229061;117;2,8310033844
9,2;2,8368188719;117;2,8386748208
9,2;2,8385460933;117;2,841005627
9,2;2,843323787;117;2,8476191947
9,2;2,8520760849;117;2,848818682
9,2;2,8528166559;117;2,8584670966
9,2;2,8574033819;117;2,8606541243
9,2;2,8577754864;117;2,8659813588
9,2;2,8677890968;117;2,8672926603
9,2;2,8775648603;117;2,8771828769
9,2;2,88004184;117;2,878533367
9,2;2,8807946538;117;2,8826685935
9,2;2,8921114382;117;2,8853372014
9,2;2,8928473385;117;2,8871681434
9,2;2,8929134604;117;2,8872400357
9,2;2,8988623366;117;2,8985647459
9,2;2,9000965014;117;2,9044855989
9,2;2,9044622366;117;2,9066887862
9,2;2,912818463;117;2,9080822696
9,2;2,9154877225;117;2,9191471921
9,2;2,9159018332;117;2,9217138196
9,2;2,9217309884;117;2,9267686241
9,2;2,9320863073;117;2,9362539787
9,2;2,9329773595;117;2,9383927454
9,2;2,9343438385;117;2,9397806682
9,2;2,9379746212;117;2,9424604473
9,2;2,9503560852;117;2,9451802454
9,2;2,9503997983;117;2,9490234557
9,2;2,9578509738;117;2,9578896602
9,2;2,9596289619;117;2,9672786413
9,2;2,9614429018;117;2,9736958363
9,2;2,9614599773;117;2,9737476204
9,2;2,973151852;117;2,9773607961
9,2;2,9811080005;117;2,9842911162
9,2;2,9856870551;117;2,9846118833
9,2;2,9870859023;117;2,9863758674
9,2;2,9883968502;117;2,9906069915
9,2;2,99134274;117;2,998551587
9,2;2,9994436244;117;3,0001298913
9,2;3,0011648319;117;3,0042050268
9,2;3,0026270559;117;3,0097534666
9,2;3,017522924;117;3,0102525114
9,2;3,0230541458;117;3,0207733058
9,2;3,0240132236;117;3,0208792646
9,2;3,0281338187;117;3,0285662274
9,2;3,0372690884;117;3,0305890305
9,2;3,0394783955;117;3,0311014029
9,2;3,0420979473;117;3,0429739549
9,2;3,0423619675;117;3,0498575466
9,2;3,0441475293;120;3,0523360653
9,2;3,0455568935;120;3,0530122362
9,2;3,0506062313;120;3,0550607695
9,2;3,0579483925;120;3,0597393178
9,2;3,0654495484;120;3,0638088802
9,2;3,0709722894;120;3,0703799095
9,2;3,0725019516;120;3,0738936475
9,2;3,0752179244;120;3,078030714
9,2;3,0804329402;120;3,0783715589
9,2;3,0845580622;120;3,0891011584
9,2;3,0852080178;120;3,0945153179
9,2;3,0899182505;117;3,0950058883
9,2;3,0980868028;117;3,0966150996
9,2;3,1011064206;117;3,1031226784
9,2;3,1075187444;117;3,1034609325
9,2;3,1103087227;117;3,1092629552
9,2;3,1140624642;117;3,1113356299
9,2;3,1183430096;117;3,1191413629
9,2;3,1232805881;117;3,1277874769
9,2;3,128388221;117;3,1280275532
9,2;3,1318785565;117;3,1339856784
9,2;3,1345423272;117;3,1418924879
9,2;3,1392229138;117;3,144432857
9,2;3,1505880486;117;3,1470541874
9,2;3,1513382365;117;3,1536154743
9,2;3,1536921399;117;3,1624397229
9,2;3,1736978698;117;3,1636597568
9,2;3,1752345482;117;3,1658003511
9,2;3,178208126;117;3,1702306772
9,2;3,1799870802;117;3,1707286832
9,2;3,1869395645;117;3,1823666433
9,2;3,1885525797;117;3,1906208541
9,2;3,1902731002;117;3,1918696982
9,2;3,1917445751;117;3,2020493376
9,2;3,1969580055;117;3,2050644889
9,2;3,2064222574;117;3,2067277229
9,2;3,2074572706;117;3,2106045837
9,2;3,2113662772;117;3,2122417906
9,2;3,2158230012;117;3,2228590725
9,2;3,2193621174;117;3,2253161234
9,2;3,2210929417;117;3,2265656965
9,2;3,2361256536;117;3,2271033258
9,2;3,2385110695;117;3,2311656326
9,2;3,2401762846;117;3,2360193046
9,2;3,2433646917;117;3,2372726224
9,2;3,2516246325;117;3,245635812
9,2;3,2545585193;117;3,2506396134
9,2;3,2567595738;117;3,2516168072
9,2;3,2571264033;117;3,2649813698
9,2;3,2612919979;117;3,2659223196
9,2;3,2664901327;117;3,2724727474
9,2;3,270372003;117;3,2733490837
9,2;3,2719724832;117;3,2782556349
9,2;3,2758862092;117;3,2820495186
9,2;3,287411869;117;3,2849453593
9,2;3,2965678823;117;3,2869541089
9,2;3,2978131101;117;3,2956918486
9,2;3,2979350559;117;3,2979680438
9,2;3,2999295691;117;3,3076594819
9,2;3,3064525806;117;3,3087119963
9,2;3,3121775349;117;3,309167175
9,2;3,3143728831;117;3,3197048094
9,2;3,3203492477;117;3,3258040734
9,2;3,3206391439;117;3,3266596982
9,2;3,3283157363;117;3,3303670107
9,2;3,3312255632;117;3,3339376968
9,2;3,3360970327;117;3,3389348565
9,2;3,3425229717;117;3,3477755621
9,2;3,3530671817;117;3,3519472287
9,2;3,3547806795;117;3,3527186327
9,2;3,3579489438;117;3,3540911032
9,2;3,3612351746;117;3,3593339614
9,2;3,3676959086;117;3,3604312145
9,2;3,3690027784;117;3,3618951592
9,2;3,3698899027;117;3,3758149001
9,2;3,3771244054;117;3,3805865126
9,2;3,3796493768;117;3,3875196796
9,2;3,3867218295;117;3,3889292814
9,2;3,386937339;117;3,3912040725
9,2;3,391366211;117;3,3927331368
9,2;3,3945931408;117;3,3943985415
9,2;3,3995411943;117;3,4061557817
9,2;3,4018667397;117;3,4092515952
9,2;3,4118978763;117;3,409539052
9,2;3,4140647949;117;3,4158284229
9,2;3,4222456105;117;3,421999617
9,2;3,4274159888;117;3,4276293498
9,2;3,4329589551;117;3,4407072793
9,2;3,4350674737;117;3,4424754481
9,2;3,4480497571;117;3,4468522381
9,2;3,4499657876;117;3,4488621456
9,2;3,4504648383;117;3,4509460275
9,2;3,4506665583;117;3,452869541
9,2;3,4532762194;117;3,4619196214
9,2;3,4591521531;117;3,4623969797
9,2;3,4594270641;117;3,4633506138
9,2;3,4686220717;117;3,4728537768
9,2;3,4743315041;117;3,47321371
9,2;3,4775656723;117;3,4756184865
9,2;3,4807474768;117;3,4762613966
9,2;3,4966459471;117;3,4926017136
9,2;3,4998325171;117;3,4944510421
9,2;3,505682001;117;3,5060230405
9,2;3,5067979961;117;3,5084295576
9,2;3,5080852722;117;3,5115771264
9,2;3,5124790065;117;3,5128006379
9,2;3,5216810061;117;3,5136796255
9,2;3,5218355686;117;3,5173495619
9,2;3,5244621669;117;3,5212933359
9,2;3,5257517137;117;3,5261995763
9,2;3,5278578901;117;3,5400349292
9,2;3,5420151955;117;3,5421619328
9,2;3,5492064807;117;3,5442122371
9,2;3,5493777736;117;3,544851538
9,2;3,5538874789;117;3,554153516
9,2;3,5569104784;117;3,5585666058
9,2;3,5569344173;117;3,5589882847
9,2;3,558218295;117;3,5700930841
9,2;3,5598865734;117;3,5706154117
9,2;3,5705774669;117;3,5711607257
9,2;3,5778251435;117;3,5731266456
9,2;3,5844349697;117;3,5775853238
9,2;3,5875017929;117;3,582749163
9,2;3,5876049442;117;3,5927805672
9,2;3,5957462496;117;3,5963579244
9,2;3,5977601799;120;3,60133054
9,2;3,6011425938;120;3,6032451398
9,2;3,6047231172;120;3,6046133781
9,2;3,6093685506;120;3,6049175006
9,2;3,6195777282;120;3,6116053055
9,2;3,624283351;120;3,6175925633
9,2;3,6259692665;120;3,618646166
9,2;3,6315042616;120;3,6278564648
9,2;3,6316166592;120;3,6316827202
9,2;3,6359277559;120;3,6376887597
9,2;3,6417801849;120;3,6406399561
9,2;3,6440082545;120;3,6453653277
9,2;3,6508037448;120;3,6490457571
9,2;3,6566121121;120;3,6521877831
9,2;3,6573414644;120;3,6601202908
9,2;3,6660421423;120;3,6629633494
9,2;3,6675351151;120;3,6694366221
9,2;3,6706121207;120;3,6738396248
9,2;3,6772882414;120;3,6745682598
9,2;3,6838534604;120;3,6890905467
9,2;3,6858855378;120;3,6930876977
9,2;3,688218098;120;3,6932528021
9,2;3,6894716541;120;3,6935992172
9,2;3,6940853056;120;3,702802103
9,2;3,6977655167;120;3,7044900367
9,2;3,7049507506;120;3,7077433318
9,2;3,7052262082;117;3,7085384528
9,2;3,7155224643;117;3,7113370872
9,2;3,7270315527;117;3,7263283583
9,2;3,7300561821;117;3,7301321041
9,2;3,7312115734;117;3,7342229108
9,2;3,7401261596;117;3,7359140547
9,2;3,7412972615;117;3,738944793
9,2;3,7432139468;117;3,7391795567
9,2;3,7516951384;117;3,7412052135
9,2;3,7525500309;117;3,7495720854
9,2;3,7579315667;117;3,750068229
9,2;3,7644022954;117;3,7621732355
9,2;3,7693422597;117;3,7625115674
9,2;3,7736954977;117;3,7666978678
9,2;3,7745975187;117;3,7792991834
9,2;3,7819866188;117;3,7834257575
9,2;3,7837750597;117;3,7905579634
9,2;3,7840124194;117;3,7907947641
9,2;3,7873720412;117;3,7909445776
9,2;3,7891629297;117;3,7939667307
9,2;3,8051457394;117;3,7945658749
9,2;3,8081629083;117;3,8049595604
9,2;3,8103667907;117;3,8074045895
9,2;3,8118906854;117;3,809089711
9,2;3,8122571046;117;3,8177018768
9,2;3,8183719985;117;3,819206528
9,2;3,8196605429;117;3,8268709712
9,2;3,8293029854;117;3,8270036022
9,2;3,8335470679;117;3,8364156847
9,2;3,8405411592;117;3,8429261464
9,2;3,8417151039;117;3,8487709651
9,2;3,845647617;117;3,8534217012
9,2;3,8460206415;117;3,8558133951
9,2;3,852258633;117;3,8608609074
9,2;3,8576779991;117;3,8661298905
9,2;3,8641715329;117;3,8689493429
9,2;3,873679839;117;3,871130141
9,2;3,8737207922;117;3,8738031709
9,2;3,8741135675;117;3,877317413
9,2;3,8796211456;117;3,880143547
9,2;3,8835028598;117;3,8813718356
9,2;3,8868426477;117;3,8867595566
9,2;3,894035867;117;3,8965142064
9,2;3,9022184687;117;3,9028765606
9,2;3,9071398642;117;3,9056484966
9,2;3,9122029924;117;3,9080302329
9,2;3,9155386514;117;3,9090374444
9,2;3,9163772734;117;3,9188936426
9,2;3,9209573497;117;3,9283214949
9,2;3,9288392648;117;3,9330876078
9,2;3,9327888589;117;3,9367907694
9,2;3,9336834074;117;3,9400073914
9,2;3,9457633139;117;3,9504898348
9,2;3,9479364031;117;3,9506935224
9,2;3,9483716384;117;3,9514767004
9,2;3,9522525484;117;3,9579282633
9,2;3,9621139248;117;3,9595017434
9,2;3,9673165135;117;3,9670579528
9,2;3,9735090762;117;3,9771647794
9,2;3,9736761746;117;3,9775056054
9,2;3,974724181;117;3,9786470318
9,2;3,9758442599;117;3,9805280348
9,2;3,9874668926;117;3,9885244864
9,2;3,9939304036;117;3,9890227294
9,2;3,9960621915;117;3,9908355744
9,2;3,996438251;117;3,9953407532
9,2;3,9997888799;117;3,9983313007
9,2;4,0046366321;117;4,0040205069
9,2;4,0125003829;117;4,0132912814
9,2;4,0181077307;117;4,0163887522
9,2;4,0193594905;117;4,0182327986
9,2;4,0201288275;117;4,0224455279
9,2;4,0272942303;117;4,0323206337
9,2;4,0369058714;117;4,036215169
9,2;4,0411838106;117;4,0399181085
9,2;4,0493311997;117;4,0421268703
9,2;4,0497244439;117;4,0453920983
9,2;4,0500171652;117;4,0517244866
9,2;4,0557162595;117;4,053570413
9,2;4,0656818452;117;4,0635989205
9,2;4,0657487214;117;4,0734187669
9,2;4,0722111359;117;4,0753948868
9,2;4,0758396727;117;4,0774323436
9,2;4,088171827;117;4,078343621
9,2;4,0895038323;117;4,0812278114
9,2;4,0913670603;117;4,0868206134
9,2;4,0960008531;117;4,0924830798
9,2;4,0975686103;117;4,0926898572
9,2;4,1010083676;117;4,0964367205
9,2;4,1064421081;117;4,0994224678
9,2;4,1085786186;117;4,1124496988
9,2;4,1109122444;117;4,1138216103
9,2;4,1153793456;117;4,1205218849
9,2;4,1198383715;117;4,1230873232
9,2;4,1235645901;117;4,1237215271
9,2;4,1270164812;117;4,1312024068
9,2;4,1341316328;117;4,131825027
9,2;4,1391810725;117;4,1388466454
9,2;4,1438527708;117;4,1451964326
9,2;4,1473634338;117;4,147267014
9,2;4,1508232233;117;4,1563874919
9,2;4,151600454;117;4,1597558154
9,2;4,1539013469;117;4,1625953853
9,2;4,1580161879;117;4,1638320613
9,2;4,1648641343;117;4,1785106456
9,2;4,1789414254;117;4,1791124505
9,2;4,184228292;117;4,1803358378
9,2;4,1848660258;117;4,1810792592
9,2;4,1872972862;117;4,181232161
9,2;4,193334085;117;4,185442893
9,2;4,1975803183;117;4,1933767501
9,2;4,1987530601;117;4,1951991201
9,2;4,2063426764;117;4,1985901969
9,2;4,2129986354;117;4,216794929
9,2;4,2132082233;117;4,2173962885
9,2;4,2176308059;117;4,2186859956
9,2;4,2211122496;117;4,220057353
9,2;4,228313932;117;4,2223470731
9,2;4,2298522124;117;4,2272734184
9,2;4,2302415558;117;4,2327953032
9,2;4,2400708254;117;4,240466295
9,2;4,2403949707;117;4,2431311931
9,2;4,2471179722;117;4,2445322885
9,2;4,2585222846;117;4,2514099864
9,2;4,2587637841;117;4,2557529886
9,2;4,2623739246;117;4,2623388701
9,2;4,2631111535;117;4,2638865848
9,2;4,2672948113;117;4,266431835
9,2;4,2727012191;117;4,2724568409
9,2;4,276594228;117;4,2761899225
9,2;4,2793204596;117;4,2774494572
9,2;4,2822248863;117;4,282519057
9,2;4,2866341083;117;4,2904663096
9,2;4,2944065214;117;4,2910593862
9,2;4,3031741313;117;4,3036863772
9,2;4,3063411322;117;4,3081297721
9,2;4,3083041841;117;4,3101887659
9,2;4,3090288047;117;4,3175724167
9,2;4,31530226;117;4,3239225869
9,2;4,3251596115;117;4,3337369712
9,2;4,3314086492;117;4,3340982553
9,2;4,3336768968;117;4,3344589215
9,2;4,338977097;117;4,3366936939
9,2;4,3406821082;117;4,3398452311
9,2;4,3523168092;117;4,3440360488
9,2;4,3569062202;117;4,3505806155
9,2;4,357854842;117;4,3582406828
9,2;4,3614720975;117;4,358503233
9,2;4,3634921499;117;4,3616874822
9,2;4,3705289375;117;4,3648788325
9,2;4,3762557212;117;4,3682014659
9,2;4,3833753345;117;4,375592997
9,2;4,3841257468;117;4,3781097844
9,2;4,3956074593;117;4,3781571793
9,2;4,3963348569;117;4,3871660063
9,2;4,3974038408;116,0822944743;4,390715158
9,2;4,3991669591;116,9174454021;4,4018006485
9,2;4,4063347931;116,8138336607;4,4094952078
9,2;4,4064242526;116,186374521;4,4150295724
